CarID,Make,Model,Year,VIN,Price,Status
C2UQZP803C,BMW,320i,2023,5-92778W,49999.41,In Maintenance
C4RQCO25I9,BMW,320i,2021,HPN 414,24292.38,Available
CCKUBGF8P9,BMW,X5,2023,JCC 664,49575.53,In Maintenance
C2ZEK0YPD9,BMW,X5,2023,550-OOG,30417.96,Available
CCI58KF4MJ,BMW,320i,2019,14S J77,38187.43,Sold
CCIUMTPDC1,BMW,X5,2019,ME 08634,47948.7,Available
CE5XORIKH7,BMW,X5,2023,46V I12,33326.26,Sold
CGZI1JXE3Q,BMW,320i,2021,015 ZS0,34663.62,In Maintenance
CUE8PCIXFY,BMW,X5,2019,9QH C88,35883.79,Available
CGJNRRFC6J,BMW,320i,2022,92T 0334,27900.52,Available
CS7Q66M28Y,BMW,X5,2021,9SY E78,44972.5,In Maintenance
CW79U3HYVJ,BMW,320i,2021,YPC 437,16173.32,Available
C4MUWWLTWM,BMW,X5,2021,44RH1,44907.94,Sold
CGWCOX78TJ,BMW,X5,2023,0ZN Y08,48166.87,Available
CM31XZNV6T,BMW,X5,2022,EK 6402,32695.62,In Maintenance
CMT83Z1K19,BMW,X5,2021,8BYC594,26083.05,Sold
CKYL3TI8QX,BMW,X5,2023,JBE-804,46563.94,Available
C2MSKSEB5K,BMW,320i,2021,C37-43C,48409.29,In Maintenance
C9T83TSF5J,BMW,320i,2021,JCT-970,32287.95,Available
C8B3ZGIGR6,BMW,X5,2023,812-340,36843.0,Sold
CGQLKFPRL6,BMW,X5,2020,3-U0423,22350.72,Sold
C9ZSNVONYW,BMW,X5,2021,J85 1TG,20207.01,Sold
CU4EHTLHY0,BMW,X5,2021,O89 8SU,48762.75,In Maintenance
C1VH0VPEIL,BMW,320i,2021,5V I5248,25003.8,Available
CKJZ7DXQFV,BMW,320i,2021,183UI,38806.44,In Maintenance
CP6NGKBCJ7,BMW,320i,2023,U 848473,34474.27,Available
C96CKGOQBT,BMW,320i,2022,1H G4785,30287.39,Available
CDPU0A5XRS,BMW,X5,2023,TEX 502,31387.69,In Maintenance
CCABB6NK0L,BMW,X5,2019,ZXU9238,18634.58,Available
CQ7F403H39,BMW,320i,2021,9IS D78,40757.58,In Maintenance
CNE08XNMMD,BMW,X5,2022,918 CAK,49005.32,Available
C3FQZI26QI,BMW,320i,2019,UY0 U1R,46462.51,Sold
CTM3DK199V,BMW,320i,2023,HJF 086,43086.87,Sold
CR47ASD40G,BMW,320i,2020,75F IT2,30721.97,Sold
CS75T5RDH7,BMW,X5,2020,473 AXQ,36017.92,Sold
C7U59EUALE,BMW,X5,2021,747J,35244.88,Available
CIAAE0MQJQ,BMW,X5,2023,221-BZP,48759.14,Available
CCQUBKJJ6U,BMW,X5,2020,85MK1,33985.69,Sold
C29AB69MM5,BMW,320i,2022,BSV 107,43090.89,Available
CSP06G3Z7G,BMW,X5,2022,LEN 288,15316.0,Sold
C0KXQMOWVG,BMW,X5,2022,0D 66024,46600.73,Sold
CC22H35CNC,BMW,X5,2020,VUR-402,38404.27,Available
CSLEMBRNK9,BMW,X5,2022,2-12668T,15930.17,Available
CELX6Z1JH7,BMW,320i,2021,332381,45563.12,Sold
CJDBDJDR48,BMW,320i,2021,12WK2,26244.79,In Maintenance
CZAJQDE9A4,BMW,X5,2021,FJK5187,48759.33,In Maintenance
CEBAI7BS31,BMW,320i,2021,46V 626,25822.81,Available
CVNUAZ9WVF,BMW,320i,2021,097 1WI,32800.76,Available
C7T3I70O2Q,BMW,320i,2019,46R 8383,16494.63,Available
CFTMLVG7JJ,BMW,X5,2023,8753 JI,24381.57,Available
C90FAVIM3A,BMW,X5,2020,JFS 829,45686.08,In Maintenance
CS6LVO0XDX,BMW,320i,2022,ZTN 970,34773.11,In Maintenance
CEHP2XB1N2,BMW,320i,2023,LWO 621,44642.58,In Maintenance
C913ULI45D,BMW,X5,2022,VDH 182,27630.32,Available
CQAUZTTQ08,BMW,X5,2022,M38-15D,20175.86,Available
COX411BDN7,BMW,320i,2020,4FP 947,15041.85,Available
C0LN7JAI1A,BMW,320i,2019,RND 801,21124.67,In Maintenance
CW22D8NLI0,BMW,320i,2020,N67 5ER,24450.44,In Maintenance
C70TCTJ948,BMW,320i,2019,4-V1236,31129.32,Available
CD5USI9F6X,BMW,X5,2023,190 CT4,15298.89,Available
C2HX6YP3UN,BMW,X5,2020,6C Y6698,21252.56,In Maintenance
CRLDXJR3EB,BMW,320i,2022,917T,29183.92,Available
C6X80GYKEM,BMW,320i,2020,311 ELK,26259.34,Sold
C3MR3XKYWG,BMW,320i,2022,MBD 527,35015.55,Available
CQMZF55K7B,BMW,320i,2023,R37-84X,38728.36,In Maintenance
CSUIY0ZKSG,BMW,X5,2021,485-BAZ,21855.45,In Maintenance
C1HMJYCTGG,BMW,X5,2020,067 CWJ,22875.63,Sold
CSSU7BBLUX,BMW,X5,2022,FBT-355,25440.17,Sold
CZKSB8QICZ,BMW,320i,2023,151-BRW,16090.83,Sold
CUBW4RJLR9,BMW,X5,2021,2WM0942,23930.56,In Maintenance
CJDNICTZZF,BMW,320i,2023,VCC-2895,40683.37,Available
CO4WCTXJUW,BMW,X5,2021,5ZGU489,25326.95,Sold
C4GO913EHZ,BMW,320i,2022,4-G4252,37875.75,In Maintenance
C9LW42SU49,BMW,320i,2020,590 VVS,22362.97,Available
C96CFFGGSQ,BMW,X5,2021,698 9IT,21450.81,In Maintenance
CFYBYH35QE,BMW,320i,2021,040133,44329.22,Sold
C33QM7379T,BMW,320i,2021,N76 6YA,36676.25,Sold
CZOUWYGYBF,BMW,X5,2021,27I 3277,16235.58,Available
C4R2XWUKXB,BMW,320i,2019,3M 7L4OQK,49691.9,Sold
CDXFGJGCXC,BMW,X5,2021,6QO 683,35393.24,Sold
CH4M1AVP8R,BMW,320i,2023,783RQA,27589.39,Available
CPXG4E13T0,BMW,X5,2019,998-SVTE,39960.11,Available
CMVG5DFBTL,BMW,X5,2022,6ON7695,30412.91,In Maintenance
COSTBMUEPU,BMW,X5,2021,1-C0865,28543.8,Available
CGLABYJSN4,BMW,320i,2019,4W 0C6LWG,22941.49,Available
C9JIR0IXZI,BMW,320i,2019,KP7 3568,38634.14,Sold
C77JYKQE7F,BMW,320i,2022,478K9,19690.86,Available
CTMUIUCMYT,BMW,320i,2021,PJM 432,34326.74,Available
C9RQGL2V6U,BMW,320i,2019,206 1XE,26168.19,Sold
CTQNSK2TF7,BMW,320i,2023,EZM 747,48308.49,In Maintenance
CBPGV1OWYM,BMW,X5,2020,589-UQZ,39012.14,In Maintenance
CP66LFB0XL,BMW,X5,2019,45B F81,33244.49,Sold
CL47UGY0SJ,BMW,X5,2022,VMQ 011,49807.11,Sold
CD7SSQROP7,BMW,320i,2021,134682,30871.84,Sold
CV9DLJLYGX,BMW,X5,2022,BKY-0508,46646.37,In Maintenance
CB8P29T8HN,BMW,320i,2021,845G,16917.48,Sold
C0FO0U9PAI,BMW,X5,2022,4B 0G3IDW,25088.38,Available
COKWENUYCG,BMW,320i,2021,270 BZJ,44341.48,Sold
CE424IT2RM,BMW,320i,2023,79-9862F,30141.47,In Maintenance
CL16BGNTIK,BMW,320i,2023,110 8VV,46709.2,Available
CP1C2I5GHP,BMW,X5,2022,OYH-6343,30056.56,Available
CT135C34HQ,BMW,320i,2020,9840,23114.47,Sold
CCI3V70Z71,BMW,320i,2020,MUK 456,20211.91,In Maintenance
CM7M79D008,BMW,320i,2021,309 WTT,48129.53,In Maintenance
CJTCLGIXL5,BMW,320i,2020,ZFG 178,20568.22,Available
COGYLMYS08,BMW,320i,2023,FXM 157,22741.65,Available
CGOLBARIFA,BMW,320i,2021,28-LC52,24269.85,Available
C90ZDRT9ZV,BMW,X5,2023,LN2 Y9I,45039.72,In Maintenance
CK8PR0TYAR,BMW,320i,2021,YN5 0987,38889.88,In Maintenance
CTOMZ5D98X,BMW,X5,2019,KBH-629,17896.18,In Maintenance
CPL8F68RWW,BMW,X5,2021,45B 3275,47188.98,Sold
CWT26IWQB9,BMW,320i,2023,0-66629T,39966.44,In Maintenance
C304QNZWN2,BMW,X5,2023,468 CPZ,43846.41,Sold
CEG4PD0WUB,BMW,X5,2022,440 4634,48872.98,In Maintenance
CBG08ONDKP,BMW,320i,2019,037-ZFK,19554.32,In Maintenance
CVY8L3L8H1,BMW,X5,2022,0W 1K9ZOA,33417.16,In Maintenance
CHDI5KVOXV,BMW,320i,2023,LHI 938,46476.12,Available
C6ZH0P1UH0,BMW,320i,2021,936 IYM,37751.74,Available
CL0LSOIUG6,BMW,320i,2021,264-528,23288.01,Available
CPJKIFIK4K,BMW,320i,2023,789-OLJ,16184.74,In Maintenance
CCSTY8M1I3,BMW,320i,2019,HTD 634,17410.02,Available
CBATNWMMPR,BMW,X5,2020,VFH 733,46628.53,Sold
CWPOM8AJ6Z,BMW,X5,2019,KEK 6034,17292.7,In Maintenance
C7KCGN3L4Z,BMW,X5,2023,J74 6FK,46612.05,In Maintenance
CRT9UB9UIP,BMW,320i,2021,2873,19787.68,In Maintenance
C1XVKPFB2O,BMW,X5,2022,NLC 6910,25267.97,In Maintenance
CAHQJ19VFZ,BMW,320i,2020,9-19196O,29413.58,In Maintenance
CT4ZG1MKNI,BMW,X5,2021,3MD 156,16555.8,Sold
CYJW49COAX,BMW,320i,2022,W12-MAH,40697.27,Sold
C74A5L8QRB,BMW,X5,2023,LKT 629,26125.42,In Maintenance
CU7IXLCEPL,BMW,X5,2019,KCS 443,20411.52,Available
CEDINTHTBB,BMW,320i,2019,9F 5B9RFJ,28617.46,Available
C6IXINXCLV,BMW,320i,2020,3EV R71,37595.58,In Maintenance
CRS3GS89XD,BMW,320i,2022,KQL-1868,26337.12,Available
C7IZPT3WYC,BMW,X5,2022,6TG 003,23269.66,Sold
CXYSKNC9TM,BMW,X5,2022,BNO-8650,34430.49,Sold
C58W0RDPJ2,BMW,320i,2023,CII 683,28739.52,Available
CX81P5M23O,BMW,320i,2020,RNN-3938,37145.87,In Maintenance
CJ1AZ67ECJ,BMW,X5,2022,I51 2QQ,29784.45,In Maintenance
CRCIXR72X8,BMW,320i,2020,54-U720,43052.58,In Maintenance
CR2YZ6GUFI,BMW,X5,2020,IHO 203,35084.01,In Maintenance
CJ2TTLDMVF,BMW,X5,2020,34TB0,33235.93,Available
CUQXV29E4H,BMW,320i,2023,90-9755X,41565.82,Sold
CURPRWQV9Y,BMW,320i,2020,135 XKC,46994.29,Available
CZ3LE13DCY,BMW,320i,2022,06-9909N,37028.88,Sold
C6LOD1H9O5,BMW,320i,2022,OEB3067,41870.15,Available
CCJCIOHAAM,BMW,X5,2023,155 WHY,24259.39,In Maintenance
CFX5QJYEH1,BMW,320i,2021,400 5LD,26241.1,Sold
CNZJ2IPTM5,BMW,320i,2019,LXN 786,29549.75,Sold
C124G7NAJC,BMW,X5,2022,6-P5842,40571.97,In Maintenance
CT41U7DRTY,BMW,X5,2020,791-GVG,24347.67,Available
C75NLHJIIS,BMW,320i,2023,54-L588,37436.85,Available
CR74CCODMR,BMW,320i,2020,WO3 5206,24622.09,Available
C7A2NWE7ZO,BMW,X5,2021,QEW 1740,47367.47,In Maintenance
C488RSDL4K,BMW,320i,2021,94OE4,46787.32,Sold
CHWA0YU6BZ,BMW,X5,2022,342-DRB,36932.31,In Maintenance
CU85WBM78O,BMW,X5,2023,BAN-824,38772.61,Available
CZ813B56SI,BMW,X5,2021,NOU 073,45697.51,Available
CV3317C7NB,BMW,X5,2021,9L 9L8ALE,24116.22,In Maintenance
CXYM8LMFKU,BMW,320i,2020,UND-895,22336.1,Sold
CBA2HCX7SH,BMW,X5,2020,QBA-1452,42907.23,In Maintenance
CAZG50875E,BMW,320i,2023,383 LQO,46762.65,Sold
CUQIUBGPYO,BMW,320i,2020,LAS 337,48255.32,Sold
CMHAGPACP8,BMW,X5,2022,ZWC 774,42425.16,In Maintenance
C6PDNC2476,BMW,320i,2019,SW3 I2U,41130.08,Sold
CJMS8MTGIO,BMW,320i,2021,544-AOG,41092.17,Sold
CH7KFJI8JP,BMW,320i,2022,BPM 660,39937.55,In Maintenance
CJFLYE1P5C,BMW,X5,2021,ZZG 004,33793.24,Available
CSG2YBW601,BMW,320i,2019,098-SZK,43477.86,Sold
CV6Q1YYGMY,BMW,X5,2020,2B GW757,35324.6,Available
CLU3WNMOVU,BMW,320i,2020,200-ADB,20948.2,In Maintenance
C6ZR9BPMOM,BMW,320i,2019,PWN 942,35930.4,In Maintenance
CQ8K20UNQW,BMW,X5,2019,065 HJZ,20654.74,Available
C9VM4JA0O5,BMW,320i,2023,RKE9883,16839.76,Sold
CI9Y43E7EF,BMW,320i,2023,TBG 205,28326.98,Sold
CSDQ0RBYLZ,BMW,320i,2021,HCY 318,41568.15,Available
CWGESY0HP8,BMW,X5,2021,GY1 7564,38663.69,Sold
CJJX182TQW,BMW,320i,2020,054EOF,45214.28,Sold
C2CNPQ8E67,BMW,320i,2021,LMG 015,17123.99,Available
CUEB1IM6DP,BMW,X5,2023,83OK561,21553.22,Sold
CD4NQISDC6,BMW,320i,2019,8639 LR,25829.58,Available
CW9K23DFK5,BMW,320i,2022,31D W18,26703.9,Sold
CUHFTOLHC0,BMW,X5,2022,11O•615,33079.15,Sold
CU0L6RJUXR,BMW,320i,2020,PHR 788,24951.87,Sold
C1I278J136,BMW,320i,2020,8PNC 35,47742.65,Sold
CO9Y6UW4WB,BMW,X5,2019,308FWU,32214.29,In Maintenance
C3MACTZBHZ,BMW,320i,2019,1-61986,37268.92,Available
C5A6ARR254,BMW,X5,2021,MIT 876,43876.48,Available
C7HEMVG511,BMW,X5,2020,353 CBI,29662.09,In Maintenance
CAR1NK3FMJ,BMW,320i,2019,IAE 8742,29561.64,Available
C2GGF5IKFQ,BMW,320i,2023,7RQC 81,46710.4,Sold
CNU41A1A4X,BMW,X5,2020,64BK136,29241.62,Available
CQ8VYSMT0Y,BMW,X5,2020,7HGZ923,26016.39,Sold
CW8336Q9ZX,BMW,320i,2022,TYY 709,44064.27,In Maintenance
CDG7Q6EIK1,BMW,X5,2019,KN5 5867,35626.33,Available
CMC8QHXX98,BMW,320i,2022,656-VZYK,21143.1,In Maintenance
C7KVXJQBD1,BMW,X5,2023,F68-45N,21357.36,Sold
CW4PNY4CKQ,BMW,320i,2022,JK3 9293,15131.92,Available
CT1QSJGE3F,BMW,X5,2022,442 GMY,20251.97,Sold
CFKSC1DGNM,BMW,X5,2019,276 EFB,29960.89,In Maintenance
CY7F7PQXZF,BMW,320i,2023,VKJ-408,35916.13,Available
CNRYVGXW2I,BMW,320i,2019,894UWA,19688.29,Available
C63961MUEO,BMW,320i,2019,Y01-71Z,26717.35,Sold
CLJ9NXTLAH,BMW,320i,2021,DJ 28040,45102.03,Available
C907SV2GAW,BMW,X5,2020,MEC 484,28798.13,In Maintenance
CA9YDU8IET,BMW,X5,2020,F 243296,35853.56,Sold
C6RPFBMKNH,BMW,X5,2019,166G,18747.82,Available
C1NZ6ZYKDI,BMW,X5,2023,Q05 9LF,45564.17,In Maintenance
COSN3B6TQ6,BMW,320i,2023,354FU,20598.08,In Maintenance
CS7HR7BPSS,BMW,320i,2020,140 ACC,44239.67,Available
CXG914NXQO,BMW,320i,2022,01HP176,44811.85,In Maintenance
C1E0UGWR54,BMW,320i,2022,63I V79,49604.88,Available
CRIXPAIZ4F,BMW,320i,2023,2S ES732,29886.61,In Maintenance
CPDAVXFXA0,BMW,320i,2019,530 ORL,34641.94,In Maintenance
CN1T9MI0XV,BMW,320i,2021,0OY55,41810.33,Sold
CDL5X57SYN,BMW,X5,2020,036 5QH,41465.45,Available
C69M2K32Z7,BMW,320i,2019,CZZ-3119,20591.57,In Maintenance
CFYR6QG600,BMW,X5,2023,ZHF 940,30537.19,Sold
CL73YXB5M7,BMW,320i,2023,IHV-1546,35983.09,In Maintenance
CDPGX5788T,BMW,320i,2023,629 8GB,47605.33,Available
CZ40U49AFF,BMW,X5,2022,377-FKI,20806.71,Sold
CSZASGVW5L,BMW,320i,2020,504 1EZ,31548.27,In Maintenance
CO99J04ICT,BMW,320i,2020,HKR 593,30739.42,Sold
C8A7DNUIXY,BMW,X5,2019,213 TEZ,27585.8,In Maintenance
CWU554DL7U,BMW,X5,2022,95Z R92,31534.3,Sold
CAFAFCC5LA,BMW,320i,2020,JIB-667,43031.89,Sold
C7SUC83PPV,BMW,X5,2023,253 4HE,19753.49,In Maintenance
CK6GNS97J9,BMW,X5,2020,C38-PPC,20618.15,Sold
CZUX3CG3CB,BMW,320i,2019,762-NIOH,37020.24,Sold
CQ288HLNRZ,BMW,X5,2023,505-AWA,29100.98,Sold
C4D14O34QX,BMW,X5,2021,5BA 534,32745.14,In Maintenance
CQ1Q5UAT7C,BMW,X5,2023,439 4YC,21461.13,Sold
C23KFPBZ9F,BMW,320i,2019,449-SST,35807.03,Available
C7D77R90CS,BMW,320i,2021,581 6924,35551.82,In Maintenance
CY9K43AFH3,BMW,X5,2021,408 7592,49029.86,Sold
CXINIQ40XD,BMW,X5,2022,859IT,38879.36,In Maintenance
C7ZPXA6EXM,BMW,320i,2021,1WR J19,30250.34,Sold
CZBNMJC5YS,BMW,320i,2019,970-MRA,42549.76,In Maintenance
CXCGOM61FH,BMW,X5,2021,0ZF 184,46541.51,In Maintenance
CCBAUK6MVM,BMW,320i,2023,1QG3299,32926.16,In Maintenance
C5ZX16XC52,BMW,320i,2020,BX 2265,15987.02,In Maintenance
CCP6XE2XT3,BMW,X5,2022,404219,23728.03,Available
CBHNF04IFT,BMW,320i,2019,FXH J40,36710.85,Sold
C03X2W8T7W,BMW,320i,2022,950 OPV,36642.89,In Maintenance
C1TE7AJMVT,BMW,X5,2020,55F 786,21457.81,In Maintenance
C5M4DUXF9A,BMW,X5,2020,3658 BT,40879.09,Available
CM6822U25W,BMW,X5,2019,7XZ3668,49764.48,In Maintenance
CKC94YAC5E,BMW,X5,2019,456 ESQ,40709.23,Available
CSK3FQIWKQ,BMW,X5,2019,MAE 459,45460.31,Sold
CXHJYFE4HA,BMW,X5,2023,2K K9682,28369.49,Sold
CZISG26HE3,BMW,320i,2019,9SUF091,37644.42,In Maintenance
CEL5E6G1S1,BMW,320i,2022,1W U2107,17283.49,Sold
CTSB60QYGZ,BMW,320i,2021,AHG-361,45133.67,In Maintenance
C85M3PT2PF,BMW,320i,2019,PWH 422,49653.08,Sold
CNBNZCLI9H,BMW,X5,2019,84MP656,23180.16,Available
C0TDZ8D9X6,BMW,X5,2021,25-JV85,26804.03,Available
C8VP0RTFM4,BMW,X5,2023,7-69497,44084.01,Available
CIRS9WZIQ8,BMW,320i,2023,97GO681,34271.08,Sold
C9IZ46PTZU,BMW,X5,2023,JMU4706,18917.46,In Maintenance
CZENR3UUJU,BMW,320i,2020,1AY A62,37346.26,In Maintenance
CWEMDMTDJR,BMW,X5,2023,XNC 453,41656.54,In Maintenance
CU2EK4XJFT,BMW,320i,2023,H 617709,37248.87,Available
COO13M710I,BMW,320i,2021,690 CE4,16110.93,Available
CP0UQPOMUV,BMW,X5,2023,LNL 236,41975.79,In Maintenance
CA8FGOI718,BMW,X5,2023,185-VJS,44633.5,Sold
C2XIC4AUIM,BMW,X5,2023,SLY-939,17185.83,In Maintenance
CHBSH6HNRU,BMW,X5,2021,1-16606H,18554.3,Sold
CD1EV0S5R0,BMW,320i,2020,GJU-2882,15721.92,Available
C4INC83TKQ,BMW,X5,2022,969U,48900.55,Available
CKHTWJZR73,BMW,X5,2023,946-ZJY,26971.09,Sold
CMOCRU80QS,BMW,320i,2023,ZGB 560,19620.73,Sold
C9FDBRGLW6,BMW,320i,2023,42VQ6,44673.62,In Maintenance
CLQCGBXCAG,BMW,320i,2023,37N 2075,35338.42,Sold
CHVV5XBYCO,BMW,X5,2021,PGN D69,24407.02,In Maintenance
CKGRD464MS,BMW,320i,2023,EZV-7707,38373.18,Available
CS2ACDUZTO,BMW,320i,2022,77-08594,42579.2,In Maintenance
C60YZHEF9B,BMW,X5,2021,HWW6286,32971.12,Available
CW5IMVQFQZ,BMW,X5,2019,DX3 0487,48287.56,In Maintenance
C33JGSFK7E,BMW,320i,2019,PTC-3624,15930.04,Available
C1KO68OTF8,BMW,X5,2021,32-KQ31,35051.02,In Maintenance
C9T18WGHRV,BMW,320i,2019,NLE6961,47266.61,In Maintenance
CU61QCPKLV,BMW,X5,2021,308-QUG,19749.75,Sold
CHEO8CIW1V,BMW,320i,2019,9576,18299.84,Available
CL0GFYNR9X,BMW,X5,2021,LUM 734,49485.75,In Maintenance
CVU4DCON05,BMW,X5,2023,05MK543,41350.71,Sold
C73S35HS5Z,BMW,320i,2023,T68-NMS,24521.48,Sold
CH6Z8UMW5O,BMW,320i,2023,2J 2936H,37201.7,Available
CVP9QYT1GE,BMW,X5,2020,09R•973,29235.88,Available
CHPLGJA24U,BMW,320i,2019,G53-UYU,32424.04,Sold
C28R4G3EPR,BMW,X5,2020,7XZ92,32980.97,Available
C6LW084KDC,BMW,320i,2020,N 674151,23779.76,Available
CJNDWZFGKO,BMW,320i,2021,9BI0972,28699.03,Available
C1I0QUO6TQ,BMW,320i,2019,0WC G50,20676.92,Available
CPTT5ZLHUI,BMW,X5,2023,357-CVQ,32463.85,Available
CJLL7IHWBY,BMW,320i,2022,40D S54,36920.49,In Maintenance
C5WNPY6PCA,BMW,320i,2022,69B 676,27541.04,Sold
CNXM97SP7M,BMW,X5,2020,FHV-640,46053.5,In Maintenance
C8HURHRBYZ,BMW,320i,2022,HPT L74,44084.21,In Maintenance
CHMRYUR157,BMW,320i,2021,059-JID,43932.9,Available
CLBO50KFW6,BMW,320i,2021,37H 631,17467.61,In Maintenance
C5FW1GTMY8,BMW,X5,2019,5159 WQ,28196.89,In Maintenance
CD38KX79QR,BMW,320i,2020,5E DT548,49901.35,Sold
C1YLDNRGD4,BMW,X5,2022,654T4,32434.66,Sold
C4HFHJY47S,BMW,320i,2022,269-QQEA,33383.82,Available
CNRIG1JQ4Q,BMW,320i,2021,CRO 299,21845.73,In Maintenance
CSEYPR6HJL,BMW,X5,2023,L91 2EH,46979.81,Sold
CQ7A8MC4NB,BMW,320i,2022,361-NOO,20937.74,Available
CL85C79DVD,BMW,320i,2020,715-ATC,48125.47,Sold
C86ZIPU80E,BMW,320i,2020,594-DMNY,36189.43,Sold
CYUIAUP0XC,BMW,320i,2022,59N S86,33762.74,Available
C5OZYUXWGO,BMW,320i,2019,WMB-918,16292.5,In Maintenance
CIGV7R8G9M,BMW,X5,2020,8JGF 68,23845.23,Available
CNMK2F55KP,BMW,320i,2020,62XF695,26362.84,Sold
C6R3KV6GU3,BMW,X5,2019,PTN O91,41889.39,Available
CY84UZVVMC,BMW,320i,2020,XEE 062,26013.94,Available
CU789362X0,BMW,320i,2020,1-54074P,28379.02,Sold
C253G4QMIK,BMW,X5,2022,ORY 737,29047.16,Available
CN53NRSIZ4,BMW,X5,2021,8-93816,28666.55,In Maintenance
CL4OFH7Z7B,BMW,320i,2019,QRX F26,33935.59,Available
CFNOL6I7Z9,BMW,320i,2020,NP3 6038,48622.66,Sold
C49VNDE7VN,BMW,320i,2020,KWC-519,46666.96,In Maintenance
C4NID31AE4,BMW,X5,2020,ET5 0387,21382.62,Available
CCX0ED7TR1,BMW,X5,2021,4XU 772,38703.78,Available
CO31BCSXEM,BMW,320i,2023,61-3373M,40860.46,Sold
CTS0ECPBD7,BMW,320i,2019,MMY 706,25210.53,Available
CKA8RS2OQG,BMW,X5,2020,933O0,34988.07,In Maintenance
C6DHR3STN7,BMW,X5,2022,2BSG 76,33984.09,Sold
CX9QJEJHDE,BMW,320i,2023,5N 9M6LCP,49031.27,In Maintenance
